CNV_ID;ID_Sample;ID_Tumour;Primary_Site;Site_Subtype;Primary_Histology;Histology_Subtype;MUT_TYPE;chr_no;chrom_start;chrom_stop
4931958;683665;611825;haematopoietic_and_lymphoid_tissue;NS;lymphoid_neoplasm;plasma_cell_myeloma;LOSS;Y;12023816;12055076
4908185;683665;611825;haematopoietic_and_lymphoid_tissue;NS;lymphoid_neoplasm;plasma_cell_myeloma;LOSS;Y;9318733;9335283
4642172;683665;611825;haematopoietic_and_lymphoid_tissue;NS;lymphoid_neoplasm;plasma_cell_myeloma;LOSS;Y;18642536;18674482
4883562;683665;611825;haematopoietic_and_lymphoid_tissue;NS;lymphoid_neoplasm;plasma_cell_myeloma;GAIN;Y;8970455;9028390
4738530;683665;611825;haematopoietic_and_lymphoid_tissue;NS;lymphoid_neoplasm;plasma_cell_myeloma;LOSS;Y;19275940;19380494
4875644;683665;611825;haematopoietic_and_lymphoid_tissue;NS;lymphoid_neoplasm;plasma_cell_myeloma;LOSS;2;88831555;88858291
4687735;683665;611825;haematopoietic_and_lymphoid_tissue;NS;lymphoid_neoplasm;plasma_cell_myeloma;LOSS;Y;9659188;9688136
4895465;683665;611825;haematopoietic_and_lymphoid_tissue;NS;lymphoid_neoplasm;plasma_cell_myeloma;GAIN;Y;16176658;16268358
4892190;683665;611825;haematopoietic_and_lymphoid_tissue;NS;lymphoid_neoplasm;plasma_cell_myeloma;GAIN;Y;22477961;24258193
4854477;683665;611825;haematopoietic_and_lymphoid_tissue;NS;lymphoid_neoplasm;plasma_cell_myeloma;LOSS;17;18455636;18561273
4661433;683665;611825;haematopoietic_and_lymphoid_tissue;NS;lymphoid_neoplasm;plasma_cell_myeloma;LOSS;1;152583052;152613763
4640255;683665;611825;haematopoietic_and_lymphoid_tissue;NS;lymphoid_neoplasm;plasma_cell_myeloma;LOSS;Y;18997169;19039538
4845511;683665;611825;haematopoietic_and_lymphoid_tissue;NS;lymphoid_neoplasm;plasma_cell_myeloma;LOSS;Y;17211216;17363130
4882616;683665;611825;haematopoietic_and_lymphoid_tissue;NS;lymphoid_neoplasm;plasma_cell_myeloma;LOSS;Y;8052933;8078546
4927084;683665;611825;haematopoietic_and_lymphoid_tissue;NS;lymphoid_neoplasm;plasma_cell_myeloma;LOSS;Y;9240809;9293776
4698337;683665;611825;haematopoietic_and_lymphoid_tissue;NS;lymphoid_neoplasm;plasma_cell_myeloma;LOSS;Y;16492945;16522199
4640074;683665;611825;haematopoietic_and_lymphoid_tissue;NS;lymphoid_neoplasm;plasma_cell_myeloma;LOSS;Y;26313075;26322622
4736058;683665;611825;haematopoietic_and_lymphoid_tissue;NS;lymphoid_neoplasm;plasma_cell_myeloma;LOSS;Y;21871459;21973633
4849026;683665;611825;haematopoietic_and_lymphoid_tissue;NS;lymphoid_neoplasm;plasma_cell_myeloma;GAIN;Y;8507535;8658782
4826277;683665;611825;haematopoietic_and_lymphoid_tissue;NS;lymphoid_neoplasm;plasma_cell_myeloma;LOSS;Y;6540494;6558813
4929286;683665;611825;haematopoietic_and_lymphoid_tissue;NS;lymphoid_neoplasm;plasma_cell_myeloma;LOSS;6;78259349;78325469
4886348;683665;611825;haematopoietic_and_lymphoid_tissue;NS;lymphoid_neoplasm;plasma_cell_myeloma;LOSS;Y;9554587;9614160
4661312;683665;611825;haematopoietic_and_lymphoid_tissue;NS;lymphoid_neoplasm;plasma_cell_myeloma;GAIN;Y;9688306;9796257
4671782;683665;611825;haematopoietic_and_lymphoid_tissue;NS;lymphoid_neoplasm;plasma_cell_myeloma;LOSS;Y;7774782;7785098
4627420;683665;611825;haematopoietic_and_lymphoid_tissue;NS;lymphoid_neoplasm;plasma_cell_myeloma;LOSS;Y;8006123;8038391
4889378;683665;611825;haematopoietic_and_lymphoid_tissue;NS;lymphoid_neoplasm;plasma_cell_myeloma;LOSS;14;105779966;105862354
4904791;683665;611825;haematopoietic_and_lymphoid_tissue;NS;lymphoid_neoplasm;plasma_cell_myeloma;LOSS;Y;3432226;3433201
4770030;683665;611825;haematopoietic_and_lymphoid_tissue;NS;lymphoid_neoplasm;plasma_cell_myeloma;GAIN;Y;18245808;18490680
4731934;683665;611825;haematopoietic_and_lymphoid_tissue;NS;lymphoid_neoplasm;plasma_cell_myeloma;LOSS;Y;16269855;16297003
4718085;683665;611825;haematopoietic_and_lymphoid_tissue;NS;lymphoid_neoplasm;plasma_cell_myeloma;LOSS;Y;7381437;7458370
4931593;683665;611825;haematopoietic_and_lymphoid_tissue;NS;lymphoid_neoplasm;plasma_cell_myeloma;LOSS;Y;24258883;24262620
4794353;683665;611825;haematopoietic_and_lymphoid_tissue;NS;lymphoid_neoplasm;plasma_cell_myeloma;GAIN;Y;22031672;22198535
4880027;683665;611825;haematopoietic_and_lymphoid_tissue;NS;lymphoid_neoplasm;plasma_cell_myeloma;LOSS;Y;5970425;6027608
4924077;683665;611825;haematopoietic_and_lymphoid_tissue;NS;lymphoid_neoplasm;plasma_cell_myeloma;LOSS;Y;5664262;5697739
4897507;683665;611825;haematopoietic_and_lymphoid_tissue;NS;lymphoid_neoplasm;plasma_cell_myeloma;GAIN;Y;8039227;8052865
4927925;683665;611825;haematopoietic_and_lymphoid_tissue;NS;lymphoid_neoplasm;plasma_cell_myeloma;LOSS;8;39378085;39529447
4886684;683665;611825;haematopoietic_and_lymphoid_tissue;NS;lymphoid_neoplasm;plasma_cell_myeloma;LOSS;Y;6966595;6982804
4708698;683665;611825;haematopoietic_and_lymphoid_tissue;NS;lymphoid_neoplasm;plasma_cell_myeloma;LOSS;Y;8811802;8965185
4673047;683665;611825;haematopoietic_and_lymphoid_tissue;NS;lymphoid_neoplasm;plasma_cell_myeloma;LOSS;Y;7204745;7207969
4853171;683665;611825;haematopoietic_and_lymphoid_tissue;NS;lymphoid_neoplasm;plasma_cell_myeloma;GAIN;Y;6239861;6415826
4875860;683665;611825;haematopoietic_and_lymphoid_tissue;NS;lymphoid_neoplasm;plasma_cell_myeloma;LOSS;Y;18490988;18495153
4754774;683665;611825;haematopoietic_and_lymphoid_tissue;NS;lymphoid_neoplasm;plasma_cell_myeloma;LOSS;Y;12516577;12534995
4688228;683665;611825;haematopoietic_and_lymphoid_tissue;NS;lymphoid_neoplasm;plasma_cell_myeloma;LOSS;Y;6192492;6233385
4636438;683665;611825;haematopoietic_and_lymphoid_tissue;NS;lymphoid_neoplasm;plasma_cell_myeloma;LOSS;Y;8659100;8691746
4850799;683665;611825;haematopoietic_and_lymphoid_tissue;NS;lymphoid_neoplasm;plasma_cell_myeloma;LOSS;Y;5804274;5809679
4771610;683665;611825;haematopoietic_and_lymphoid_tissue;NS;lymphoid_neoplasm;plasma_cell_myeloma;LOSS;Y;21429462;21491357
4729301;683665;611825;haematopoietic_and_lymphoid_tissue;NS;lymphoid_neoplasm;plasma_cell_myeloma;LOSS;Y;18220432;18235824
4686413;683665;611825;haematopoietic_and_lymphoid_tissue;NS;lymphoid_neoplasm;plasma_cell_myeloma;LOSS;Y;9810942;9813822
4643072;683665;611825;haematopoietic_and_lymphoid_tissue;NS;lymphoid_neoplasm;plasma_cell_myeloma;GAIN;Y;12363966;12512040
4619681;683665;611825;haematopoietic_and_lymphoid_tissue;NS;lymphoid_neoplasm;plasma_cell_myeloma;LOSS;Y;20757007;20877656
4868007;683665;611825;haematopoietic_and_lymphoid_tissue;NS;lymphoid_neoplasm;plasma_cell_myeloma;LOSS;Y;21587296;21635674
4725967;683665;611825;haematopoietic_and_lymphoid_tissue;NS;lymphoid_neoplasm;plasma_cell_myeloma;LOSS;Y;25544764;25572046
4696383;683665;611825;haematopoietic_and_lymphoid_tissue;NS;lymphoid_neoplasm;plasma_cell_myeloma;GAIN;Y;14373482;14453426
4808680;683665;611825;haematopoietic_and_lymphoid_tissue;NS;lymphoid_neoplasm;plasma_cell_myeloma;LOSS;Y;14131708;14179123
4908144;683665;611825;haematopoietic_and_lymphoid_tissue;NS;lymphoid_neoplasm;plasma_cell_myeloma;LOSS;1;152789464;152796225
4901888;683665;611825;haematopoietic_and_lymphoid_tissue;NS;lymphoid_neoplasm;plasma_cell_myeloma;LOSS;Y;7646593;7688939
4644411;683665;611825;haematopoietic_and_lymphoid_tissue;NS;lymphoid_neoplasm;plasma_cell_myeloma;LOSS;3;37940617;37945438
4693589;683665;611825;haematopoietic_and_lymphoid_tissue;NS;lymphoid_neoplasm;plasma_cell_myeloma;GAIN;Y;21491462;21586838
4708438;683665;611825;haematopoietic_and_lymphoid_tissue;NS;lymphoid_neoplasm;plasma_cell_myeloma;GAIN;Y;24263643;25538208
4910667;683667;611827;central_nervous_system;brain;primitive_neuroectodermal_tumour-medulloblastoma;NS;GAIN;Y;7917374;7964846
4708664;683667;611827;central_nervous_system;brain;primitive_neuroectodermal_tumour-medulloblastoma;NS;GAIN;Y;19381237;19409498
4677535;683667;611827;central_nervous_system;brain;primitive_neuroectodermal_tumour-medulloblastoma;NS;GAIN;Y;7011616;7202078
4898036;683667;611827;central_nervous_system;brain;primitive_neuroectodermal_tumour-medulloblastoma;NS;LOSS;1;174827419;174832703
4844513;683667;611827;central_nervous_system;brain;primitive_neuroectodermal_tumour-medulloblastoma;NS;GAIN;Y;6256240;6505424
4701361;683667;611827;central_nervous_system;brain;primitive_neuroectodermal_tumour-medulloblastoma;NS;LOSS;Y;8778729;8965185
4749203;683667;611827;central_nervous_system;brain;primitive_neuroectodermal_tumour-medulloblastoma;NS;GAIN;Y;12598615;12681596
4660693;683667;611827;central_nervous_system;brain;primitive_neuroectodermal_tumour-medulloblastoma;NS;LOSS;X;16329774;16336406
4616138;683667;611827;central_nervous_system;brain;primitive_neuroectodermal_tumour-medulloblastoma;NS;LOSS;14;41141294;41188147
4712890;683667;611827;central_nervous_system;brain;primitive_neuroectodermal_tumour-medulloblastoma;NS;LOSS;1;72303254;72345451
4702347;683667;611827;central_nervous_system;brain;primitive_neuroectodermal_tumour-medulloblastoma;NS;LOSS;Y;20752416;20873246
4788822;683667;611827;central_nervous_system;brain;primitive_neuroectodermal_tumour-medulloblastoma;NS;GAIN;1;152583052;152614119
4796831;683667;611827;central_nervous_system;brain;primitive_neuroectodermal_tumour-medulloblastoma;NS;LOSS;Y;19841884;19909737
4718890;683667;611827;central_nervous_system;brain;primitive_neuroectodermal_tumour-medulloblastoma;NS;GAIN;5;58030201;58037707
4930629;683667;611827;central_nervous_system;brain;primitive_neuroectodermal_tumour-medulloblastoma;NS;LOSS;17;18452079;18561908
4741623;683667;611827;central_nervous_system;brain;primitive_neuroectodermal_tumour-medulloblastoma;NS;LOSS;Y;7604182;7719858
4919425;683667;611827;central_nervous_system;brain;primitive_neuroectodermal_tumour-medulloblastoma;NS;LOSS;17;58135153;58136733
4667304;683667;611827;central_nervous_system;brain;primitive_neuroectodermal_tumour-medulloblastoma;NS;LOSS;Y;3612465;3710641
4798901;683667;611827;central_nervous_system;brain;primitive_neuroectodermal_tumour-medulloblastoma;NS;LOSS;Y;9240809;9280960
4763133;683667;611827;central_nervous_system;brain;primitive_neuroectodermal_tumour-medulloblastoma;NS;LOSS;18;66240198;66244353
4805524;683667;611827;central_nervous_system;brain;primitive_neuroectodermal_tumour-medulloblastoma;NS;LOSS;Y;14882150;15121409
