ID	ID_SAMPLE	ID_tumour	Primary site	Site subtype	Primary histology	Histology subtype	SAMPLE_NAME	TOTAL_CN	MINOR_ALLELE	MUT_TYPE	ID_STUDY	GRCh	Chromosome:G_Start..G_Stop
4931958	683665	611825	haematopoietic_and_lymphoid_tissue	NS	lymphoid_neoplasm	plasma_cell_myeloma	MC-CAR	0	0	LOSS	619	38	24:12023816..12055076
4908185	683665	611825	haematopoietic_and_lymphoid_tissue	NS	lymphoid_neoplasm	plasma_cell_myeloma	MC-CAR	0	0	LOSS	619	38	24:9318733..9335283
4642172	683665	611825	haematopoietic_and_lymphoid_tissue	NS	lymphoid_neoplasm	plasma_cell_myeloma	MC-CAR	0	0	LOSS	619	38	24:18642536..18674482
4883562	683665	611825	haematopoietic_and_lymphoid_tissue	NS	lymphoid_neoplasm	plasma_cell_myeloma	MC-CAR	8	0	GAIN	619	38	24:8970455..9028390
4738530	683665	611825	haematopoietic_and_lymphoid_tissue	NS	lymphoid_neoplasm	plasma_cell_myeloma	MC-CAR	0	0	LOSS	619	38	24:19275940..19380494
4875644	683665	611825	haematopoietic_and_lymphoid_tissue	NS	lymphoid_neoplasm	plasma_cell_myeloma	MC-CAR	0	0	LOSS	619	38	2:88831555..88858291
4687735	683665	611825	haematopoietic_and_lymphoid_tissue	NS	lymphoid_neoplasm	plasma_cell_myeloma	MC-CAR	0	0	LOSS	619	38	24:9659188..9688136
4895465	683665	611825	haematopoietic_and_lymphoid_tissue	NS	lymphoid_neoplasm	plasma_cell_myeloma	MC-CAR	7	0	GAIN	619	38	24:16176658..16268358
4892190	683665	611825	haematopoietic_and_lymphoid_tissue	NS	lymphoid_neoplasm	plasma_cell_myeloma	MC-CAR	7	0	GAIN	619	38	24:22477961..24258193
4854477	683665	611825	haematopoietic_and_lymphoid_tissue	NS	lymphoid_neoplasm	plasma_cell_myeloma	MC-CAR	0	0	LOSS	619	38	17:18455636..18561273
4661433	683665	611825	haematopoietic_and_lymphoid_tissue	NS	lymphoid_neoplasm	plasma_cell_myeloma	MC-CAR	0	0	LOSS	619	38	1:152583052..152613763
4640255	683665	611825	haematopoietic_and_lymphoid_tissue	NS	lymphoid_neoplasm	plasma_cell_myeloma	MC-CAR	0	0	LOSS	619	38	24:18997169..19039538
4845511	683665	611825	haematopoietic_and_lymphoid_tissue	NS	lymphoid_neoplasm	plasma_cell_myeloma	MC-CAR	0	0	LOSS	619	38	24:17211216..17363130
4882616	683665	611825	haematopoietic_and_lymphoid_tissue	NS	lymphoid_neoplasm	plasma_cell_myeloma	MC-CAR	0	0	LOSS	619	38	24:8052933..8078546
4927084	683665	611825	haematopoietic_and_lymphoid_tissue	NS	lymphoid_neoplasm	plasma_cell_myeloma	MC-CAR	0	0	LOSS	619	38	24:9240809..9293776
4698337	683665	611825	haematopoietic_and_lymphoid_tissue	NS	lymphoid_neoplasm	plasma_cell_myeloma	MC-CAR	0	0	LOSS	619	38	24:16492945..16522199
4640074	683665	611825	haematopoietic_and_lymphoid_tissue	NS	lymphoid_neoplasm	plasma_cell_myeloma	MC-CAR	0	0	LOSS	619	38	24:26313075..26322622
4736058	683665	611825	haematopoietic_and_lymphoid_tissue	NS	lymphoid_neoplasm	plasma_cell_myeloma	MC-CAR	0	0	LOSS	619	38	24:21871459..21973633
4849026	683665	611825	haematopoietic_and_lymphoid_tissue	NS	lymphoid_neoplasm	plasma_cell_myeloma	MC-CAR	5	0	GAIN	619	38	24:8507535..8658782
4826277	683665	611825	haematopoietic_and_lymphoid_tissue	NS	lymphoid_neoplasm	plasma_cell_myeloma	MC-CAR	0	0	LOSS	619	38	24:6540494..6558813
4929286	683665	611825	haematopoietic_and_lymphoid_tissue	NS	lymphoid_neoplasm	plasma_cell_myeloma	MC-CAR	0	0	LOSS	619	38	6:78259349..78325469
4886348	683665	611825	haematopoietic_and_lymphoid_tissue	NS	lymphoid_neoplasm	plasma_cell_myeloma	MC-CAR	0	0	LOSS	619	38	24:9554587..9614160
4661312	683665	611825	haematopoietic_and_lymphoid_tissue	NS	lymphoid_neoplasm	plasma_cell_myeloma	MC-CAR	14	0	GAIN	619	38	24:9688306..9796257
4671782	683665	611825	haematopoietic_and_lymphoid_tissue	NS	lymphoid_neoplasm	plasma_cell_myeloma	MC-CAR	0	0	LOSS	619	38	24:7774782..7785098
4627420	683665	611825	haematopoietic_and_lymphoid_tissue	NS	lymphoid_neoplasm	plasma_cell_myeloma	MC-CAR	0	0	LOSS	619	38	24:8006123..8038391
4889378	683665	611825	haematopoietic_and_lymphoid_tissue	NS	lymphoid_neoplasm	plasma_cell_myeloma	MC-CAR	0	0	LOSS	619	38	14:105779966..105862354
4904791	683665	611825	haematopoietic_and_lymphoid_tissue	NS	lymphoid_neoplasm	plasma_cell_myeloma	MC-CAR	0	0	LOSS	619	38	24:3432226..3433201
4770030	683665	611825	haematopoietic_and_lymphoid_tissue	NS	lymphoid_neoplasm	plasma_cell_myeloma	MC-CAR	12	0	GAIN	619	38	24:18245808..18490680
4731934	683665	611825	haematopoietic_and_lymphoid_tissue	NS	lymphoid_neoplasm	plasma_cell_myeloma	MC-CAR	0	0	LOSS	619	38	24:16269855..16297003
4718085	683665	611825	haematopoietic_and_lymphoid_tissue	NS	lymphoid_neoplasm	plasma_cell_myeloma	MC-CAR	0	0	LOSS	619	38	24:7381437..7458370
4931593	683665	611825	haematopoietic_and_lymphoid_tissue	NS	lymphoid_neoplasm	plasma_cell_myeloma	MC-CAR	0	0	LOSS	619	38	24:24258883..24262620
4794353	683665	611825	haematopoietic_and_lymphoid_tissue	NS	lymphoid_neoplasm	plasma_cell_myeloma	MC-CAR	5	0	GAIN	619	38	24:22031672..22198535
4880027	683665	611825	haematopoietic_and_lymphoid_tissue	NS	lymphoid_neoplasm	plasma_cell_myeloma	MC-CAR	0	0	LOSS	619	38	24:5970425..6027608
4924077	683665	611825	haematopoietic_and_lymphoid_tissue	NS	lymphoid_neoplasm	plasma_cell_myeloma	MC-CAR	0	0	LOSS	619	38	24:5664262..5697739
4897507	683665	611825	haematopoietic_and_lymphoid_tissue	NS	lymphoid_neoplasm	plasma_cell_myeloma	MC-CAR	6	0	GAIN	619	38	24:8039227..8052865
4927925	683665	611825	haematopoietic_and_lymphoid_tissue	NS	lymphoid_neoplasm	plasma_cell_myeloma	MC-CAR	0	0	LOSS	619	38	8:39378085..39529447
4886684	683665	611825	haematopoietic_and_lymphoid_tissue	NS	lymphoid_neoplasm	plasma_cell_myeloma	MC-CAR	0	0	LOSS	619	38	24:6966595..6982804
4708698	683665	611825	haematopoietic_and_lymphoid_tissue	NS	lymphoid_neoplasm	plasma_cell_myeloma	MC-CAR	0	0	LOSS	619	38	24:8811802..8965185
4673047	683665	611825	haematopoietic_and_lymphoid_tissue	NS	lymphoid_neoplasm	plasma_cell_myeloma	MC-CAR	0	0	LOSS	619	38	24:7204745..7207969
4853171	683665	611825	haematopoietic_and_lymphoid_tissue	NS	lymphoid_neoplasm	plasma_cell_myeloma	MC-CAR	10	0	GAIN	619	38	24:6239861..6415826
4875860	683665	611825	haematopoietic_and_lymphoid_tissue	NS	lymphoid_neoplasm	plasma_cell_myeloma	MC-CAR	0	0	LOSS	619	38	24:18490988..18495153
4754774	683665	611825	haematopoietic_and_lymphoid_tissue	NS	lymphoid_neoplasm	plasma_cell_myeloma	MC-CAR	0	0	LOSS	619	38	24:12516577..12534995
4688228	683665	611825	haematopoietic_and_lymphoid_tissue	NS	lymphoid_neoplasm	plasma_cell_myeloma	MC-CAR	0	0	LOSS	619	38	24:6192492..6233385
4636438	683665	611825	haematopoietic_and_lymphoid_tissue	NS	lymphoid_neoplasm	plasma_cell_myeloma	MC-CAR	0	0	LOSS	619	38	24:8659100..8691746
4850799	683665	611825	haematopoietic_and_lymphoid_tissue	NS	lymphoid_neoplasm	plasma_cell_myeloma	MC-CAR	0	0	LOSS	619	38	24:5804274..5809679
4771610	683665	611825	haematopoietic_and_lymphoid_tissue	NS	lymphoid_neoplasm	plasma_cell_myeloma	MC-CAR	0	0	LOSS	619	38	24:21429462..21491357
4729301	683665	611825	haematopoietic_and_lymphoid_tissue	NS	lymphoid_neoplasm	plasma_cell_myeloma	MC-CAR	0	0	LOSS	619	38	24:18220432..18235824
4686413	683665	611825	haematopoietic_and_lymphoid_tissue	NS	lymphoid_neoplasm	plasma_cell_myeloma	MC-CAR	0	0	LOSS	619	38	24:9810942..9813822
4643072	683665	611825	haematopoietic_and_lymphoid_tissue	NS	lymphoid_neoplasm	plasma_cell_myeloma	MC-CAR	5	0	GAIN	619	38	24:12363966..12512040
4619681	683665	611825	haematopoietic_and_lymphoid_tissue	NS	lymphoid_neoplasm	plasma_cell_myeloma	MC-CAR	0	0	LOSS	619	38	24:20757007..20877656
4868007	683665	611825	haematopoietic_and_lymphoid_tissue	NS	lymphoid_neoplasm	plasma_cell_myeloma	MC-CAR	0	0	LOSS	619	38	24:21587296..21635674
4725967	683665	611825	haematopoietic_and_lymphoid_tissue	NS	lymphoid_neoplasm	plasma_cell_myeloma	MC-CAR	0	0	LOSS	619	38	24:25544764..25572046
4696383	683665	611825	haematopoietic_and_lymphoid_tissue	NS	lymphoid_neoplasm	plasma_cell_myeloma	MC-CAR	6	0	GAIN	619	38	24:14373482..14453426
4808680	683665	611825	haematopoietic_and_lymphoid_tissue	NS	lymphoid_neoplasm	plasma_cell_myeloma	MC-CAR	0	0	LOSS	619	38	24:14131708..14179123
4908144	683665	611825	haematopoietic_and_lymphoid_tissue	NS	lymphoid_neoplasm	plasma_cell_myeloma	MC-CAR	0	0	LOSS	619	38	1:152789464..152796225
4901888	683665	611825	haematopoietic_and_lymphoid_tissue	NS	lymphoid_neoplasm	plasma_cell_myeloma	MC-CAR	0	0	LOSS	619	38	24:7646593..7688939
4644411	683665	611825	haematopoietic_and_lymphoid_tissue	NS	lymphoid_neoplasm	plasma_cell_myeloma	MC-CAR	0	0	LOSS	619	38	3:37940617..37945438
4693589	683665	611825	haematopoietic_and_lymphoid_tissue	NS	lymphoid_neoplasm	plasma_cell_myeloma	MC-CAR	6	0	GAIN	619	38	24:21491462..21586838
4708438	683665	611825	haematopoietic_and_lymphoid_tissue	NS	lymphoid_neoplasm	plasma_cell_myeloma	MC-CAR	10	0	GAIN	619	38	24:24263643..25538208
4910667	683667	611827	central_nervous_system	brain	primitive_neuroectodermal_tumour-medulloblastoma	NS	PFSK-1	14	0	GAIN	619	38	24:7917374..7964846
4708664	683667	611827	central_nervous_system	brain	primitive_neuroectodermal_tumour-medulloblastoma	NS	PFSK-1	14	0	GAIN	619	38	24:19381237..19409498
4677535	683667	611827	central_nervous_system	brain	primitive_neuroectodermal_tumour-medulloblastoma	NS	PFSK-1	11	1	GAIN	619	38	24:7011616..7202078
4898036	683667	611827	central_nervous_system	brain	primitive_neuroectodermal_tumour-medulloblastoma	NS	PFSK-1	0	0	LOSS	619	38	1:174827419..174832703
4844513	683667	611827	central_nervous_system	brain	primitive_neuroectodermal_tumour-medulloblastoma	NS	PFSK-1	14	0	GAIN	619	38	24:6256240..6505424
4701361	683667	611827	central_nervous_system	brain	primitive_neuroectodermal_tumour-medulloblastoma	NS	PFSK-1	0	0	LOSS	619	38	24:8778729..8965185
4749203	683667	611827	central_nervous_system	brain	primitive_neuroectodermal_tumour-medulloblastoma	NS	PFSK-1	9	0	GAIN	619	38	24:12598615..12681596
4660693	683667	611827	central_nervous_system	brain	primitive_neuroectodermal_tumour-medulloblastoma	NS	PFSK-1	0	0	LOSS	619	38	23:16329774..16336406
4616138	683667	611827	central_nervous_system	brain	primitive_neuroectodermal_tumour-medulloblastoma	NS	PFSK-1	0	0	LOSS	619	38	14:41141294..41188147
4712890	683667	611827	central_nervous_system	brain	primitive_neuroectodermal_tumour-medulloblastoma	NS	PFSK-1	0	0	LOSS	619	38	1:72303254..72345451
4702347	683667	611827	central_nervous_system	brain	primitive_neuroectodermal_tumour-medulloblastoma	NS	PFSK-1	0	0	LOSS	619	38	24:20752416..20873246
4788822	683667	611827	central_nervous_system	brain	primitive_neuroectodermal_tumour-medulloblastoma	NS	PFSK-1	9	0	GAIN	619	38	1:152583052..152614119
4796831	683667	611827	central_nervous_system	brain	primitive_neuroectodermal_tumour-medulloblastoma	NS	PFSK-1	0	0	LOSS	619	38	24:19841884..19909737
4718890	683667	611827	central_nervous_system	brain	primitive_neuroectodermal_tumour-medulloblastoma	NS	PFSK-1	13	0	GAIN	619	38	5:58030201..58037707
4930629	683667	611827	central_nervous_system	brain	primitive_neuroectodermal_tumour-medulloblastoma	NS	PFSK-1	0	0	LOSS	619	38	17:18452079..18561908
4741623	683667	611827	central_nervous_system	brain	primitive_neuroectodermal_tumour-medulloblastoma	NS	PFSK-1	0	0	LOSS	619	38	24:7604182..7719858
4919425	683667	611827	central_nervous_system	brain	primitive_neuroectodermal_tumour-medulloblastoma	NS	PFSK-1	0	0	LOSS	619	38	17:58135153..58136733
4667304	683667	611827	central_nervous_system	brain	primitive_neuroectodermal_tumour-medulloblastoma	NS	PFSK-1	0	0	LOSS	619	38	24:3612465..3710641
4798901	683667	611827	central_nervous_system	brain	primitive_neuroectodermal_tumour-medulloblastoma	NS	PFSK-1	0	0	LOSS	619	38	24:9240809..9280960
4763133	683667	611827	central_nervous_system	brain	primitive_neuroectodermal_tumour-medulloblastoma	NS	PFSK-1	0	0	LOSS	619	38	18:66240198..66244353
4805524	683667	611827	central_nervous_system	brain	primitive_neuroectodermal_tumour-medulloblastoma	NS	PFSK-1	0	0	LOSS	619	38	24:14882150..15121409
4842955	683667	611827	central_nervous_system	brain	primitive_neuroectodermal_tumour-medulloblastoma	NS	PFSK-1	0	0	LOSS	619	38	24:13795120..13832948
4818627	683667	611827	central_nervous_system	brain	primitive_neuroectodermal_tumour-medulloblastoma	NS	PFSK-1	0	0	LOSS	619	38	24:16492945..16507418
4640075	683667	611827	central_nervous_system	brain	primitive_neuroectodermal_tumour-medulloblastoma	NS	PFSK-1	0	0	LOSS	619	38	24:26313075..26322622
4865056	683667	611827	central_nervous_system	brain	primitive_neuroectodermal_tumour-medulloblastoma	NS	PFSK-1	0	0	LOSS	619	38	24:14110566..14174154
4775329	683667	611827	central_nervous_system	brain	primitive_neuroectodermal_tumour-medulloblastoma	NS	PFSK-1	0	0	LOSS	619	38	19:35365142..35370947
4883555	683667	611827	central_nervous_system	brain	primitive_neuroectodermal_tumour-medulloblastoma	NS	PFSK-1	14	0	GAIN	619	38	24:8970455..9028390